5E-CF-7F-01-85-56,5ECF7F018556,5C-CF-7F-01-85-56,5CCF7F018556
5E-CF-7F-01-85-56,5ECF7F018556,5C-CF-7F-01-85-56,5CCF7F018556
B6-E6-2D-08-B3-00,B6E62D08B300,B4-E6-2D-08-B3-00,B4E62D08B300
B6-E6-2D-08-B3-00,B6E62D08B300,B4-E6-2D-08-B3-00,B4E62D08B300
B6-E6-2D-08-B3-00,B6E62D08B300,B4-E6-2D-08-B3-00,B4E62D08B300
A2-20-A6-21-82-61,A220A6218261,A0-20-A6-21-82-61,A020A6218261
A2-20-A6-21-82-61,A220A6218261,A0-20-A6-21-82-61,A020A6218261
A2-20-A6-21-82-61,A220A6218261,A0-20-A6-21-82-61,A020A6218261
A2-20-A6-21-82-61,A220A6218261,A0-20-A6-21-82-61,A020A6218261
A2-20-A6-21-82-61,A220A6218261,A0-20-A6-21-82-61,A020A6218261
A2-20-A6-21-82-61,A220A6218261,A0-20-A6-21-82-61,A020A6218261
A2-20-A6-21-82-61,A220A6218261,A0-20-A6-21-82-61,A020A6218261
A2-20-A6-21-82-61,A220A6218261,A0-20-A6-21-82-61,A020A6218261
A2-20-A6-21-82-61,A220A6218261,A0-20-A6-21-82-61,A020A6218261
A2-20-A6-21-82-61,A220A6218261,A0-20-A6-21-82-61,A020A6218261
A2-20-A6-21-82-61,A220A6218261,A0-20-A6-21-82-61,A020A6218261
A2-20-A6-21-82-61,A220A6218261,A0-20-A6-21-82-61,A020A6218261
A2-20-A6-21-82-61,A220A6218261,A0-20-A6-21-82-61,A020A6218261
A2-20-A6-21-82-61,A220A6218261,A0-20-A6-21-82-61,A020A6218261
A2-20-A6-21-82-61,A220A6218261,A0-20-A6-21-82-61,A020A6218261
B6-E6-2D-08-B3-00,B6E62D08B300,B4-E6-2D-08-B3-00,B4E62D08B300
B6-E6-2D-08-B3-00,B6E62D08B300,B4-E6-2D-08-B3-00,B4E62D08B300
A2-20-A6-21-82-61,A220A6218261,A0-20-A6-21-82-61,A020A6218261
A2-20-A6-21-82-61,A220A6218261,A0-20-A6-21-82-61,A020A6218261
A2-20-A6-21-82-61,A220A6218261,A0-20-A6-21-82-61,A020A6218261
2E-3A-E8-17-4B-C4,2E3AE8174BC4,2C-3A-E8-17-4B-C4,2C3AE8174BC4
A2-20-A6-21-82-61,A220A6218261,A0-20-A6-21-82-61,A020A6218261
A2-20-A6-21-82-61,A220A6218261,A0-20-A6-21-82-61,A020A6218261
A2-20-A6-21-82-61,A220A6218261,A0-20-A6-21-82-61,A020A6218261
A2-20-A6-21-82-61,A220A6218261,A0-20-A6-21-82-61,A020A6218261
A2-20-A6-21-82-61,A220A6218261,A0-20-A6-21-82-61,A020A6218261
A2-20-A6-21-82-61,A220A6218261,A0-20-A6-21-82-61,A020A6218261
86-F3-EB-7A-53-A5,86F3EB7A53A5,84-F3-EB-7A-53-A5,84F3EB7A53A5
86-F3-EB-7A-53-A5,86F3EB7A53A5,84-F3-EB-7A-53-A5,84F3EB7A53A5
86-F3-EB-7A-53-A5,86F3EB7A53A5,84-F3-EB-7A-53-A5,84F3EB7A53A5
86-F3-EB-7A-53-A5,86F3EB7A53A5,84-F3-EB-7A-53-A5,84F3EB7A53A5
86-F3-EB-7A-53-A5,86F3EB7A53A5,84-F3-EB-7A-53-A5,84F3EB7A53A5
86-F3-EB-7A-53-A5,86F3EB7A53A5,84-F3-EB-7A-53-A5,84F3EB7A53A5
86-F3-EB-7A-53-A5,86F3EB7A53A5,84-F3-EB-7A-53-A5,84F3EB7A53A5
86-F3-EB-7A-53-A5,86F3EB7A53A5,84-F3-EB-7A-53-A5,84F3EB7A53A5
